City_ID,City,Lat,Lng,Max Temp,Humidity,Cloudiness,Wind Speed,Country,Date
0,Punta Arenas,-53.15,-70.92,46.4,70,75,20.8,CL,2020-10-30 05:17:50
1,Mackay,-21.15,149.2,88.0,55,0,19.46,AU,2020-10-30 05:15:52
2,Busselton,-33.65,115.33,89.01,20,0,4.34,AU,2020-10-30 05:17:50
3,Atuona,-9.8,-139.03,78.22,68,60,15.03,PF,2020-10-30 05:17:50
4,Hilo,19.73,-155.09,78.8,83,90,1.92,US,2020-10-30 05:17:50
5,Henties Bay,-22.12,14.28,55.0,93,28,9.1,NA,2020-10-30 05:17:51
6,Flinders,-34.58,150.86,71.01,69,76,4.0,AU,2020-10-30 05:17:51
7,Raditsa-Krylovka,53.32,34.36,39.2,93,75,4.29,RU,2020-10-30 05:17:51
8,Kumano,34.34,132.59,68.0,51,40,9.17,JP,2020-10-30 05:17:51
9,Avarua,-21.21,-159.78,73.4,78,100,5.82,CK,2020-10-30 05:17:52
10,Kasongo-Lunda,-6.47,16.82,70.84,94,100,2.46,CD,2020-10-30 05:17:52
11,Rikitea,-23.12,-134.97,75.45,73,100,4.23,PF,2020-10-30 05:17:53
12,Pauini,-7.71,-66.98,77.34,81,99,2.01,BR,2020-10-30 05:17:53
13,Sao Jose Da Coroa Grande,-8.9,-35.15,76.53,86,51,11.72,BR,2020-10-30 05:17:53
14,East London,-33.02,27.91,59.0,77,20,16.11,ZA,2020-10-30 05:17:53
15,Werda,-25.27,23.28,76.6,36,98,14.45,BW,2020-10-30 05:17:54
16,Sobolevo,54.43,31.9,44.06,93,100,6.78,RU,2020-10-30 05:17:54
17,Qaanaaq,77.48,-69.36,5.54,72,31,7.05,GL,2020-10-30 05:17:54
18,Mahebourg,-20.41,57.7,75.0,49,13,8.99,MU,2020-10-30 05:15:21
19,Matamoros,25.53,-103.25,53.44,42,0,2.71,MX,2020-10-30 05:17:55
20,Vao,-22.67,167.48,73.96,82,91,17.81,NC,2020-10-30 05:17:55
21,Butaritari,3.07,172.79,82.24,76,31,11.77,KI,2020-10-30 05:15:44
22,Saldanha,-33.01,17.94,48.2,76,0,4.7,ZA,2020-10-30 05:17:55
23,Ushuaia,-54.8,-68.3,42.8,81,90,11.41,AR,2020-10-30 05:16:06
24,Iralaya,15.0,-83.23,80.35,81,99,4.25,HN,2020-10-30 05:17:56
25,Albany,42.6,-73.97,39.99,89,100,9.06,US,2020-10-30 05:13:07
26,Maceio,-9.67,-35.74,73.4,94,75,2.24,BR,2020-10-30 05:17:56
27,Mataura,-46.19,168.86,60.01,92,100,3.0,NZ,2020-10-30 05:17:57
28,Sibolga,1.74,98.78,87.24,56,50,5.66,ID,2020-10-30 05:17:57
29,Jamestown,42.1,-79.24,42.01,100,90,9.17,US,2020-10-30 05:16:30
30,Cockburn Town,21.46,-71.14,82.42,78,18,16.06,TC,2020-10-30 05:17:57
31,Saskylakh,71.92,114.08,0.39,85,18,6.69,RU,2020-10-30 05:17:58
32,Provideniya,64.38,-173.3,23.0,67,0,2.04,RU,2020-10-30 05:17:58
33,Kapaa,22.08,-159.32,78.8,65,75,5.82,US,2020-10-30 05:17:58
34,Cape Town,-33.93,18.42,54.0,81,20,2.24,ZA,2020-10-30 05:17:10
35,Gazli,40.13,63.45,48.52,45,0,14.88,UZ,2020-10-30 05:17:59
36,Udachnyy,66.42,112.4,-3.33,90,80,1.32,RU,2020-10-30 05:17:59
37,Codrington,-38.27,141.97,60.15,85,9,17.43,AU,2020-10-30 05:16:42
38,Goderich,43.75,-81.72,39.0,80,98,18.68,CA,2020-10-30 05:15:03
39,Port Alfred,-33.59,26.89,61.18,63,96,13.96,ZA,2020-10-30 05:15:39
40,Husavik,66.04,-17.34,44.6,65,90,5.82,IS,2020-10-30 05:18:00
41,Coos Bay,43.37,-124.22,48.2,100,40,6.93,US,2020-10-30 05:18:00
42,Manado,1.49,124.85,87.85,62,61,8.23,ID,2020-10-30 05:14:13
43,Romitan,39.93,64.38,46.4,52,0,2.24,UZ,2020-10-30 05:18:01
44,Santa Isabel Do Rio Negro,-0.41,-65.02,75.7,90,27,0.85,BR,2020-10-30 05:18:01
45,Port Elizabeth,-33.92,25.57,59.0,77,20,8.05,ZA,2020-10-30 05:18:01
46,Ilulissat,69.22,-51.1,15.8,66,90,4.7,GL,2020-10-30 05:18:02
47,Iqaluit,63.75,-68.51,4.33,91,31,9.6,CA,2020-10-30 05:16:18
48,Villacarrillo,38.12,-3.08,52.36,64,0,3.11,ES,2020-10-30 05:18:02
49,Luderitz,-26.65,15.16,56.32,68,0,28.01,NA,2020-10-30 05:18:02
50,Fortuna,40.6,-124.16,46.4,100,20,5.82,US,2020-10-30 05:13:03
51,Nikolskoye,59.7,30.79,50.0,93,90,0.31,RU,2020-10-30 05:18:03
52,Shimoda,34.67,138.95,66.2,45,40,16.11,JP,2020-10-30 05:18:03
53,Ribeira Grande,38.52,-28.7,67.42,87,61,8.23,PT,2020-10-30 05:18:03
54,Upernavik,72.79,-56.15,25.7,92,100,6.06,GL,2020-10-30 05:18:04
55,Porto Novo,6.5,2.6,76.46,90,93,1.92,BJ,2020-10-30 05:17:29
56,Sabang,5.89,95.32,82.92,71,81,9.08,ID,2020-10-30 05:18:04
57,New Norfolk,-42.78,147.06,62.01,62,81,3.0,AU,2020-10-30 05:18:04
58,Barrow,71.29,-156.79,24.8,85,90,13.87,US,2020-10-30 05:15:24
59,Lavrentiya,65.58,-171.0,24.03,87,4,4.09,RU,2020-10-30 05:18:05
60,Vaini,-21.2,-175.2,75.2,64,20,10.29,TO,2020-10-30 05:18:05
61,Popondetta,-8.75,148.25,87.28,63,68,4.81,PG,2020-10-30 05:18:05
62,Kamenka,51.32,42.77,45.0,77,100,12.57,RU,2020-10-30 05:17:06
63,Kruisfontein,-34.0,24.73,57.99,73,23,3.0,ZA,2020-10-30 05:18:06
64,Mago,53.25,140.18,38.95,74,83,3.04,RU,2020-10-30 05:18:06
65,Oktyabrskiy,54.48,53.47,34.83,84,27,4.45,RU,2020-10-30 05:18:06
66,Antofagasta,-23.65,-70.4,59.0,77,90,4.7,CL,2020-10-30 05:16:24
67,Inongo,-1.95,18.27,70.93,91,98,4.59,CD,2020-10-30 05:18:07
68,Khatanga,71.97,102.5,-0.76,85,0,9.26,RU,2020-10-30 05:18:07
69,Hithadhoo,-0.6,73.08,83.32,76,81,12.53,MV,2020-10-30 05:18:07
70,Pemba,-12.97,40.52,78.8,83,40,4.7,MZ,2020-10-30 05:18:08
71,Hasaki,35.73,140.83,63.0,55,75,4.7,JP,2020-10-30 05:18:08
72,Narsaq,60.92,-46.05,30.2,86,76,4.34,GL,2020-10-30 05:18:08
73,Tiksi,71.69,128.87,12.15,96,99,5.28,RU,2020-10-30 05:18:08
74,Hurghada,27.26,33.81,75.2,69,0,6.93,EG,2020-10-30 05:18:09
75,Hobart,-42.88,147.33,62.01,67,75,18.34,AU,2020-10-30 05:15:28
76,Gueret,46.17,1.87,48.2,100,90,2.24,FR,2020-10-30 05:18:09
77,Cidreira,-30.18,-50.21,58.64,70,52,7.47,BR,2020-10-30 05:18:09
78,Kahului,20.89,-156.47,82.4,69,75,6.93,US,2020-10-30 05:18:10
79,Bethel,41.37,-73.41,43.0,100,90,11.41,US,2020-10-30 05:18:10
80,Camacha,33.08,-16.33,68.0,77,20,5.82,PT,2020-10-30 05:18:10
81,Qaqortoq,60.72,-46.03,30.2,86,81,7.25,GL,2020-10-30 05:18:10
82,Hermanus,-34.42,19.23,50.0,82,49,1.01,ZA,2020-10-30 05:18:11
83,Guerrero Negro,27.98,-114.06,66.4,62,0,8.46,MX,2020-10-30 05:18:11
84,Teknaf,20.86,92.31,88.09,66,100,2.35,BD,2020-10-30 05:15:56
85,Mandalgovi,45.76,106.27,46.04,47,100,21.05,MN,2020-10-30 05:18:12
86,Chuy,-33.7,-53.46,52.66,82,36,5.57,UY,2020-10-30 05:18:12
87,Mount Gambier,-37.83,140.77,62.6,77,75,14.99,AU,2020-10-30 05:18:13
88,Pinerolo,44.88,7.35,48.0,83,100,2.1,IT,2020-10-30 05:18:13
89,Wajir,1.75,40.06,77.23,74,59,11.86,KE,2020-10-30 05:18:13
90,College,64.86,-147.8,15.8,78,90,4.7,US,2020-10-30 05:18:14
91,Puerto Ayora,-0.74,-90.35,66.99,96,100,4.0,EC,2020-10-30 05:18:14
92,Menongue,-14.66,17.69,68.36,70,24,2.71,AO,2020-10-30 05:18:14
93,Havre-Saint-Pierre,50.23,-63.6,26.4,88,0,15.03,CA,2020-10-30 05:18:14
94,Lugovoy,42.95,72.76,47.21,47,0,6.89,KZ,2020-10-30 05:18:14
95,Arraial Do Cabo,-22.97,-42.03,74.12,95,100,11.83,BR,2020-10-30 05:16:38
96,Kaitangata,-46.28,169.85,61.0,86,100,1.99,NZ,2020-10-30 05:15:35
97,Maralal,1.1,36.7,59.67,84,98,5.77,KE,2020-10-30 05:18:15
98,Bredasdorp,-34.53,20.04,53.6,54,17,9.17,ZA,2020-10-30 05:18:15
99,Wageningen,51.97,5.67,57.0,100,90,14.99,NL,2020-10-30 05:18:16
100,Lebu,-37.62,-73.65,51.24,83,12,14.85,CL,2020-10-30 05:18:16
101,Geraldton,-28.77,114.6,91.4,29,0,13.87,AU,2020-10-30 05:18:16
102,Bhinga,27.72,81.93,83.17,40,0,5.46,IN,2020-10-30 05:18:16
103,Faanui,-16.48,-151.75,79.83,81,10,10.38,PF,2020-10-30 05:18:17
104,Georgetown,5.41,100.34,89.6,62,20,4.7,MY,2020-10-30 05:18:17
105,Gigmoto,13.78,124.39,84.22,77,97,12.75,PH,2020-10-30 05:18:17
106,Flin Flon,54.77,-101.86,21.34,97,90,7.14,CA,2020-10-30 05:18:18
107,Saint Anthony,45.02,-93.22,30.99,79,75,0.83,US,2020-10-30 05:18:18
108,Awbari,26.59,12.78,57.29,53,0,8.3,LY,2020-10-30 05:18:18
109,Vengerovo,55.68,76.75,35.78,96,100,11.56,RU,2020-10-30 05:18:19
110,Pochutla,15.74,-96.47,73.0,93,100,4.32,MX,2020-10-30 05:18:19
111,Inhambane,-23.86,35.38,75.2,83,40,6.93,MZ,2020-10-30 05:18:19
112,Port-Gentil,-0.72,8.78,78.8,94,90,2.24,GA,2020-10-30 05:18:20
113,Kodiak,57.79,-152.41,28.4,79,1,5.82,US,2020-10-30 05:18:20
114,Saint-Philippe,-21.36,55.77,75.2,53,75,23.04,RE,2020-10-30 05:18:20
115,Victoria,22.29,114.16,80.01,71,97,1.01,HK,2020-10-30 05:15:03
116,Port-Cartier,50.03,-66.87,27.0,70,0,5.01,CA,2020-10-30 05:18:21
117,Man,7.41,-7.55,68.95,78,4,1.28,CI,2020-10-30 05:18:22
118,Mar Del Plata,-38.0,-57.56,46.0,93,0,4.7,AR,2020-10-30 05:15:14
119,Jieshi,22.81,115.83,82.99,64,87,18.39,CN,2020-10-30 05:18:22
120,Viedma,-40.81,-63.0,51.01,52,0,1.01,AR,2020-10-30 05:16:55
121,Salalah,17.02,54.09,78.8,65,0,1.12,OM,2020-10-30 05:18:23
122,Pisco,-13.7,-76.22,62.6,82,90,13.87,PE,2020-10-30 05:18:24
123,Touros,-5.2,-35.46,73.4,88,20,3.36,BR,2020-10-30 05:13:34
124,Neryungri,56.67,124.65,23.13,94,96,0.34,RU,2020-10-30 05:16:37
125,Asau,46.43,26.4,48.0,88,100,3.2,RO,2020-10-30 05:18:25
126,Bozuyuk,39.91,30.04,51.8,100,75,1.81,TR,2020-10-30 05:18:25
127,Ozernovskiy,51.5,156.52,43.79,72,41,3.56,RU,2020-10-30 05:18:25
128,Cabo San Lucas,22.89,-109.91,69.8,73,5,11.41,MX,2020-10-30 05:15:28
129,Kakanj,44.13,18.12,42.8,100,40,1.12,BA,2020-10-30 05:18:26
130,Saint-Joseph,-21.37,55.62,75.2,53,75,23.04,RE,2020-10-30 05:18:26
131,Khorol,49.78,33.28,47.66,74,67,1.23,UA,2020-10-30 05:18:27
132,Padang,-0.95,100.35,87.3,61,47,7.27,ID,2020-10-30 05:18:27
133,Morros,-9.45,-46.3,74.61,89,100,1.81,BR,2020-10-30 05:18:28
134,Alta Floresta,-9.88,-56.09,72.5,93,97,3.51,BR,2020-10-30 05:15:27
135,Norfolk,42.17,-71.25,44.01,93,100,18.34,US,2020-10-30 05:15:02
136,Sao Filipe,14.9,-24.5,80.28,67,2,12.28,CV,2020-10-30 05:15:23
137,Tando Muhammad Khan,25.12,68.54,87.24,26,0,4.21,PK,2020-10-30 05:18:29
138,Dongfeng,42.64,125.51,48.29,46,9,4.41,CN,2020-10-30 05:18:29
139,Torbay,47.67,-52.73,39.99,76,88,1.99,CA,2020-10-30 05:18:29
140,Ambilobe,-13.2,49.05,85.64,39,4,10.67,MG,2020-10-30 05:18:30
141,Bluff,-46.6,168.33,60.01,92,100,3.0,NZ,2020-10-30 05:15:07
142,Quatre Cocos,-20.21,57.76,75.0,50,7,13.0,MU,2020-10-30 05:15:58
143,Puerto Del Rosario,28.5,-13.86,68.0,72,0,9.17,ES,2020-10-30 05:18:31
144,Walvis Bay,-22.96,14.51,55.0,87,14,2.24,NA,2020-10-30 05:18:31
145,Srednekolymsk,67.45,153.68,4.21,94,100,1.59,RU,2020-10-30 05:18:32
146,Nome,64.5,-165.41,15.8,85,1,4.7,US,2020-10-30 05:18:32
147,Carnarvon,-24.87,113.63,78.8,65,0,17.22,AU,2020-10-30 05:18:33
148,Dikson,73.51,80.55,9.68,93,100,26.33,RU,2020-10-30 05:18:33
149,San Cristobal,7.77,-72.22,65.75,88,88,2.28,VE,2020-10-30 05:18:34
150,Leh,34.17,77.58,33.22,63,18,4.54,IN,2020-10-30 05:18:35
151,Hambantota,6.12,81.12,84.99,63,79,5.37,LK,2020-10-30 05:18:35
152,Puntarenas,9.98,-84.84,69.8,100,0,4.7,CR,2020-10-30 05:18:35
153,Lufilufi,-13.87,-171.6,78.01,100,90,12.75,WS,2020-10-30 05:18:35
154,Karakol,42.49,78.39,39.49,56,0,2.82,KG,2020-10-30 05:18:36
155,Chumikan,54.72,135.31,38.08,76,100,17.36,RU,2020-10-30 05:18:36
156,Riom,45.92,2.92,48.0,87,0,3.36,FR,2020-10-30 05:18:36
157,Batticaloa,7.71,81.69,86.97,58,19,9.1,LK,2020-10-30 05:18:37
158,Yellowknife,62.46,-114.35,12.99,94,100,1.74,CA,2020-10-30 05:14:35
159,Pollachi,10.67,77.02,86.0,45,20,11.41,IN,2020-10-30 05:18:38
160,Tuatapere,-46.13,167.68,60.01,92,100,3.0,NZ,2020-10-30 05:18:38
161,Portland,45.52,-122.68,51.01,87,20,0.4,US,2020-10-30 05:16:14
162,Manacapuru,-3.3,-60.62,75.2,94,75,4.7,BR,2020-10-30 05:18:38
163,Barrancas,10.96,-72.79,74.46,88,91,1.72,CO,2020-10-30 05:18:39
164,Pahalgam,34.03,75.33,50.63,37,0,6.44,IN,2020-10-30 05:18:39
165,Paita,-5.09,-81.11,63.27,86,93,7.83,PE,2020-10-30 05:18:39
166,Adrar,20.5,-10.07,77.81,17,100,7.72,MR,2020-10-30 05:18:39
167,Blackwater,-23.58,148.88,93.87,13,0,12.33,AU,2020-10-30 05:18:40
168,Norman Wells,65.28,-126.83,7.86,93,63,2.42,CA,2020-10-30 05:18:40
169,Nikolayevka,53.13,47.2,37.81,79,87,7.58,RU,2020-10-30 05:18:40
170,Bambous Virieux,-20.34,57.76,75.0,50,13,13.0,MU,2020-10-30 05:18:41
171,Olinda,-8.01,-34.86,80.6,74,40,9.17,BR,2020-10-30 05:18:41
172,Cap Malheureux,-19.98,57.61,75.0,50,0,13.0,MU,2020-10-30 05:18:42
173,Vallenar,-28.57,-70.76,53.51,77,0,0.13,CL,2020-10-30 05:18:42
174,Dicabisagan,17.08,122.42,82.09,80,33,9.51,PH,2020-10-30 05:18:42
175,Asyut,27.18,31.18,69.8,73,0,14.99,EG,2020-10-30 05:16:09
176,Troitskaya,43.31,44.98,46.4,100,90,2.24,RU,2020-10-30 05:18:43
177,Damavand,35.72,52.06,62.6,29,0,1.28,IR,2020-10-30 05:18:43
178,Sibenik,43.73,15.91,55.4,66,0,4.7,HR,2020-10-30 05:18:43
179,Darnah,32.77,22.64,68.81,70,0,16.96,LY,2020-10-30 05:18:44
180,Avera,33.19,-82.53,60.01,47,1,17.22,US,2020-10-30 05:18:44
181,Faxinal,-24.0,-51.32,59.97,100,100,7.16,BR,2020-10-30 05:18:44
182,Kavieng,-2.57,150.8,81.57,73,100,5.44,PG,2020-10-30 05:18:44
183,Auki,-8.77,160.7,76.68,90,100,1.05,SB,2020-10-30 05:18:45
184,Tuktoyaktuk,69.45,-133.04,5.32,95,47,6.29,CA,2020-10-30 05:18:45
185,Praya,14.92,-23.51,77.0,78,20,20.8,CV,2020-10-30 05:18:45
186,Gat,31.61,34.76,72.0,100,99,2.3,IL,2020-10-30 05:18:46
187,Xining,36.62,101.77,51.67,42,0,5.59,CN,2020-10-30 05:18:46
188,Uspenka,48.39,39.16,55.36,91,100,10.51,UA,2020-10-30 05:18:46
189,Atambua,-9.11,124.89,87.48,52,9,2.04,ID,2020-10-30 05:18:47
190,Ewa Beach,21.32,-158.01,82.0,57,90,10.29,US,2020-10-30 05:14:21
191,Rudbar,30.15,62.6,55.89,30,0,4.83,AF,2020-10-30 05:18:47
192,Thunder Bay,48.4,-89.32,22.82,87,53,3.27,CA,2020-10-30 05:17:33
193,Samana,19.21,-69.34,75.96,85,72,2.15,DO,2020-10-30 05:18:48
194,Barcelos,41.54,-8.62,55.4,93,75,6.93,PT,2020-10-30 05:18:48
195,Bonfim,3.08,-59.95,78.89,79,30,8.81,BR,2020-10-30 05:18:48
196,Cherskiy,68.75,161.3,6.01,92,100,4.16,RU,2020-10-30 05:18:49
197,Bida,9.08,6.02,73.87,59,28,1.14,NG,2020-10-30 05:18:49
198,Gizo,-8.1,156.84,82.56,72,99,5.28,SB,2020-10-30 05:18:49
199,Celestun,20.87,-90.4,78.28,87,56,19.04,MX,2020-10-30 05:18:49
200,Hamilton,39.18,-84.53,46.0,91,84,3.0,US,2020-10-30 05:15:36
201,Carbonia,39.17,8.52,59.0,87,40,5.82,IT,2020-10-30 05:18:50
202,Hoopstad,-27.83,25.91,70.16,48,56,7.61,ZA,2020-10-30 05:18:50
203,Kungurtug,50.6,97.52,28.31,69,29,4.81,RU,2020-10-30 05:18:51
204,Severo-Kurilsk,50.68,156.12,43.65,82,83,15.17,RU,2020-10-30 05:18:51
205,Portoferraio,42.81,10.31,57.0,90,52,1.01,IT,2020-10-30 05:18:51
206,Thompson,55.74,-97.86,21.51,96,92,9.48,CA,2020-10-30 05:18:51
207,Turukhansk,65.82,87.98,8.02,94,84,3.65,RU,2020-10-30 05:18:52
208,Christiana,-27.91,25.16,70.9,48,56,7.78,ZA,2020-10-30 05:18:53
209,Gandu,-13.74,-39.49,70.29,96,100,1.77,BR,2020-10-30 05:18:53
210,Dutse,11.76,9.34,68.67,32,0,3.33,NG,2020-10-30 05:18:53
211,Castro,-24.79,-50.01,58.91,96,100,12.37,BR,2020-10-30 05:17:23
212,Sosnovo-Ozerskoye,52.52,111.54,31.82,92,100,2.59,RU,2020-10-30 05:18:54
213,Ayia Varvara,35.0,33.37,66.2,77,0,8.05,CY,2020-10-30 05:18:54
214,Chegdomyn,51.12,133.02,36.59,76,100,1.77,RU,2020-10-30 05:18:55
215,Liverpool,53.41,-2.98,59.0,87,98,5.82,GB,2020-10-30 05:18:55
216,Laguna,38.42,-121.42,55.99,71,1,2.53,US,2020-10-30 05:18:55
217,Tevaitoa,-16.78,-151.5,80.33,79,8,10.27,PF,2020-10-30 05:18:56
218,Wajima,37.4,136.9,53.6,54,75,5.82,JP,2020-10-30 05:18:56
219,Kangaatsiaq,68.31,-53.46,26.44,91,100,1.59,GL,2020-10-30 05:18:56
220,Milkovo,54.72,158.62,34.93,85,25,1.54,RU,2020-10-30 05:18:57
221,Sitka,57.05,-135.33,37.4,86,1,4.7,US,2020-10-30 05:18:57
222,Katsuura,35.13,140.3,64.0,48,75,10.29,JP,2020-10-30 05:18:57
223,Kenora,49.82,-94.43,26.6,68,40,5.82,CA,2020-10-30 05:18:57
224,Aneho,6.23,1.6,78.8,88,20,2.24,TG,2020-10-30 05:18:58
225,Pevek,69.7,170.31,20.53,97,100,12.77,RU,2020-10-30 05:16:45
226,Buraydah,26.33,43.98,55.4,43,0,7.58,SA,2020-10-30 05:18:58
227,Souillac,-20.52,57.52,75.0,50,16,13.0,MU,2020-10-30 05:18:58
228,Harwich,51.94,1.28,59.0,80,100,8.99,GB,2020-10-30 05:18:59
229,Koutsouras,35.03,25.95,66.99,77,1,5.01,GR,2020-10-30 05:18:59
230,Dawson,31.77,-84.45,62.6,50,1,16.11,US,2020-10-30 05:15:05
231,Salme,28.04,85.09,73.4,46,20,3.36,NP,2020-10-30 05:18:59
232,Pinega,64.7,43.39,43.07,93,100,8.68,RU,2020-10-30 05:19:00
233,Rabat,33.99,-6.84,64.0,100,28,3.36,MA,2020-10-30 05:19:00
234,Muros,42.78,-9.06,48.0,95,1,1.01,ES,2020-10-30 05:19:00
235,Nanortalik,60.14,-45.24,29.93,93,99,10.33,GL,2020-10-30 05:19:01
236,Tiznit,29.58,-9.5,69.33,24,53,11.77,MA,2020-10-30 05:15:23
237,Micheweni,-4.97,39.83,80.01,77,74,11.99,TZ,2020-10-30 05:19:01
238,Kidal,18.44,1.41,75.33,18,16,12.21,ML,2020-10-30 05:19:01
239,Los Andes,-32.83,-70.6,55.99,72,0,1.54,CL,2020-10-30 05:19:02
240,Los Llanos De Aridane,28.66,-17.92,69.8,68,20,9.17,ES,2020-10-30 05:19:02
241,Half Moon Bay,37.46,-122.43,59.0,58,1,3.51,US,2020-10-30 05:19:03
242,Boa Vista,2.82,-60.67,80.6,78,0,2.24,BR,2020-10-30 05:19:03
243,Fare,-16.7,-151.02,80.13,80,0,9.91,PF,2020-10-30 05:19:03
244,Alice Springs,-23.7,133.88,78.8,16,0,11.41,AU,2020-10-30 05:19:03
245,Moshenskoye,58.51,34.59,44.37,90,100,6.64,RU,2020-10-30 05:19:04
246,Kavaratti,10.57,72.64,83.03,67,0,7.78,IN,2020-10-30 05:19:04
247,Morrope,-6.54,-80.01,62.69,87,100,12.35,PE,2020-10-30 05:19:04
248,Gornopravdinsk,60.05,69.9,33.64,95,89,7.31,RU,2020-10-30 05:19:05
249,Airai,-8.93,125.41,77.85,55,8,4.07,TL,2020-10-30 05:19:05
250,Sao Joao Da Barra,-21.64,-41.05,74.75,92,100,10.02,BR,2020-10-30 05:19:05
251,Tasiilaq,65.61,-37.64,33.8,86,100,14.99,GL,2020-10-30 05:14:59
252,Miri,4.41,114.01,89.6,70,40,14.99,MY,2020-10-30 05:19:06
253,Ahipara,-35.17,173.17,64.58,75,100,10.11,NZ,2020-10-30 05:19:06
254,Elkhart,41.58,-85.83,42.8,79,90,8.05,US,2020-10-30 05:16:36
255,Aras,42.56,-2.36,46.0,93,0,2.24,ES,2020-10-30 05:19:07
256,Seguela,7.96,-6.67,69.69,80,1,2.42,CI,2020-10-30 05:19:07
257,Eidfjord,60.47,7.07,23.0,86,30,8.41,NO,2020-10-30 05:19:07
258,Zeya,53.75,127.27,34.14,85,100,6.64,RU,2020-10-30 05:19:08
259,Bardsir,29.92,56.57,42.8,24,0,4.7,IR,2020-10-30 05:19:08
260,Petrolina De Goias,-16.09,-49.34,71.6,88,40,4.7,BR,2020-10-30 05:19:09
261,Ponta Do Sol,32.67,-17.1,68.0,72,20,12.75,PT,2020-10-30 05:19:09
262,Mihara,34.4,133.08,60.8,51,40,9.17,JP,2020-10-30 05:19:10
263,Chapais,49.78,-74.85,10.08,97,8,4.25,CA,2020-10-30 05:19:10
264,Namatanai,-3.67,152.43,79.95,78,100,5.7,PG,2020-10-30 05:19:11
265,Piney Green,34.72,-77.32,78.8,83,90,9.17,US,2020-10-30 05:19:11
266,Caravelas,-17.71,-39.25,75.61,87,100,7.61,BR,2020-10-30 05:19:11
267,Rochester,43.15,-77.62,44.01,81,90,11.41,US,2020-10-30 05:16:01
268,Meulaboh,4.14,96.13,86.36,59,74,4.79,ID,2020-10-30 05:19:12
269,Aklavik,68.22,-135.01,6.46,92,15,8.05,CA,2020-10-30 05:19:12
270,Inirida,3.87,-67.92,76.89,88,18,1.97,CO,2020-10-30 05:19:13
271,Hofn,64.25,-15.21,45.09,88,100,16.42,IS,2020-10-30 05:19:13
272,Grindavik,63.84,-22.43,41.0,86,75,10.29,IS,2020-10-30 05:15:49
273,Vardo,70.37,31.11,30.2,92,75,13.87,NO,2020-10-30 05:15:42
274,Kambove,-10.88,26.6,65.86,66,16,4.38,CD,2020-10-30 05:19:14
275,Medea,36.26,2.75,48.2,93,40,4.07,DZ,2020-10-30 05:19:14
276,Severnyy,50.68,36.55,42.58,91,91,4.9,RU,2020-10-30 05:19:14
277,Cairns,-16.92,145.77,88.0,62,1,8.05,AU,2020-10-30 05:17:57
278,North Battleford,52.78,-108.28,27.57,97,97,5.26,CA,2020-10-30 05:19:15
279,Sukhobezvodnoye,57.05,44.89,30.9,95,1,5.93,RU,2020-10-30 05:19:15
280,Westport,41.14,-73.36,44.01,99,100,15.68,US,2020-10-30 05:19:16
281,Homer,59.64,-151.55,33.8,64,90,3.36,US,2020-10-30 05:19:16
282,Isangel,-19.55,169.27,82.4,65,75,11.41,VU,2020-10-30 05:19:16
283,Manching,48.72,11.49,51.01,93,100,10.29,DE,2020-10-30 05:19:16
284,Lages,-27.82,-50.33,55.15,96,94,3.44,BR,2020-10-30 05:17:51
285,Vestmanna,62.16,-7.17,48.2,100,100,31.09,FO,2020-10-30 05:17:05
286,San Quintin,30.48,-115.95,48.99,23,0,5.01,MX,2020-10-30 05:19:17
287,Waiuku,-37.25,174.75,68.0,72,97,12.75,NZ,2020-10-30 05:19:18
288,Helena,46.59,-112.04,37.4,69,1,5.57,US,2020-10-30 05:19:18
289,Port Blair,11.67,92.75,85.21,72,73,9.06,IN,2020-10-30 05:15:15
290,Tezu,27.92,96.17,86.58,28,38,2.71,IN,2020-10-30 05:19:18
291,Eidsvag,62.78,8.07,41.0,75,0,13.87,NO,2020-10-30 05:19:19
292,Muroto,33.28,134.15,69.8,40,20,20.8,JP,2020-10-30 05:19:19
293,Port Moresby,-9.44,147.18,87.8,62,75,17.22,PG,2020-10-30 05:19:19
294,Taltal,-25.4,-70.48,54.81,74,31,0.58,CL,2020-10-30 05:19:20
295,Vila Velha,-20.33,-40.29,78.8,83,75,5.82,BR,2020-10-30 05:19:20
296,Key West,24.56,-81.78,84.2,78,1,4.7,US,2020-10-30 05:15:27
297,Clyde River,70.47,-68.59,20.52,95,100,6.38,CA,2020-10-30 05:19:20
298,Copiapo,-27.37,-70.33,55.4,76,0,0.36,CL,2020-10-30 05:19:20
299,Fayaoue,-20.65,166.53,77.61,78,91,15.52,NC,2020-10-30 05:19:21
300,Ekhabi,53.51,142.97,39.97,71,84,12.28,RU,2020-10-30 05:19:21
301,Ust-Kuyga,70.02,135.6,5.38,93,100,2.15,RU,2020-10-30 05:16:39
302,Chitral,35.85,71.79,54.97,26,0,5.59,PK,2020-10-30 05:19:22
303,San Carlos De Bariloche,-41.15,-71.31,48.0,56,0,6.93,AR,2020-10-30 05:18:43
304,San Patricio,28.02,-97.52,57.2,58,1,12.75,US,2020-10-30 05:19:22
305,Talnakh,69.49,88.4,3.88,88,87,9.82,RU,2020-10-30 05:19:23
306,Alamor,-4.02,-80.02,61.0,80,100,1.52,EC,2020-10-30 05:19:23
307,Nantucket,41.28,-70.1,50.0,89,90,25.28,US,2020-10-30 05:19:23
308,Kandrian,-6.22,149.55,83.43,75,99,8.48,PG,2020-10-30 05:19:24
309,Polson,47.69,-114.16,39.99,63,2,3.06,US,2020-10-30 05:19:24
310,Bakreswar,23.88,87.37,85.1,47,2,11.03,IN,2020-10-30 05:19:24
311,Ust-Ishim,57.69,71.17,36.46,91,99,8.75,RU,2020-10-30 05:19:24
312,Yarmouth,41.71,-70.23,51.01,93,90,16.11,US,2020-10-30 05:19:25
313,Labuhan,-6.88,112.21,87.4,62,100,13.51,ID,2020-10-30 05:19:25
314,Kalikino,52.95,39.83,42.8,70,90,4.47,RU,2020-10-30 05:19:25
315,Pombas,17.15,-25.02,77.0,78,40,29.97,CV,2020-10-30 05:19:26
316,Klaksvik,62.23,-6.59,48.2,100,100,31.09,FO,2020-10-30 05:19:26
317,Kibala,9.11,18.35,73.4,88,0,5.82,TD,2020-10-30 05:19:26
318,San Rafael,-34.62,-68.33,53.91,41,0,3.69,AR,2020-10-30 05:19:26
319,Ustka,54.58,16.86,49.06,86,47,12.93,PL,2020-10-30 05:19:27
320,Yandyki,45.77,47.13,56.64,67,98,17.98,RU,2020-10-30 05:19:27
321,Constitucion,-35.33,-72.42,56.25,73,0,2.95,CL,2020-10-30 05:19:27
322,Krasnoshchekovo,51.67,82.73,34.95,87,100,23.96,RU,2020-10-30 05:19:27
323,Chara,56.91,118.26,23.05,91,10,1.23,RU,2020-10-30 05:19:28
324,Sambava,-14.27,50.17,75.29,81,32,13.4,MG,2020-10-30 05:19:28
325,Lagoa,39.05,-27.98,66.96,88,77,13.67,PT,2020-10-30 05:16:26
326,Namibe,-15.2,12.15,68.97,75,0,5.75,AO,2020-10-30 05:19:28
327,Guarapari,-20.67,-40.5,78.8,83,75,5.82,BR,2020-10-30 05:19:29
328,Panguna,-6.32,155.48,74.19,95,93,3.53,PG,2020-10-30 05:19:29
329,Richards Bay,-28.78,32.04,73.85,79,88,13.85,ZA,2020-10-30 05:19:29
330,Leshukonskoye,64.9,45.76,43.72,94,100,7.9,RU,2020-10-30 05:19:29
331,Conde,-7.26,-34.91,75.2,88,20,3.36,BR,2020-10-30 05:17:18
332,Haines Junction,60.75,-137.51,22.19,94,100,1.01,CA,2020-10-30 05:19:30
333,Taguatinga,-12.39,-46.57,77.29,71,74,2.35,BR,2020-10-30 05:19:30
334,Esperance,-33.87,121.9,78.8,22,86,12.75,AU,2020-10-30 05:19:30
335,Marienburg,54.04,19.03,44.01,100,81,11.25,PL,2020-10-30 05:19:31
336,Zarumilla,-3.5,-80.27,68.68,85,100,2.06,PE,2020-10-30 05:19:31
337,Tabou,4.42,-7.35,76.96,88,100,5.68,CI,2020-10-30 05:19:31
338,Urumqi,43.8,87.6,42.8,60,0,4.47,CN,2020-10-30 05:16:22
339,Manglaur,29.8,77.87,79.54,27,0,3.87,IN,2020-10-30 05:15:10
340,Nizhniy Kuranakh,58.84,125.49,16.23,93,100,1.45,RU,2020-10-30 05:19:32
341,Itacoatiara,-3.14,-58.44,80.2,70,79,0.83,BR,2020-10-30 05:19:32
342,Miles City,46.41,-105.84,41.0,80,90,5.82,US,2020-10-30 05:19:32
343,Katobu,-4.94,122.53,88.47,56,76,4.41,ID,2020-10-30 05:19:32
344,Coari,-4.08,-63.14,76.06,91,71,2.15,BR,2020-10-30 05:15:50
345,Raudeberg,61.99,5.14,46.0,75,0,9.13,NO,2020-10-30 05:19:33
346,Kieta,-6.22,155.63,81.93,79,88,10.83,PG,2020-10-30 05:19:33
347,Marfino,55.7,37.38,37.0,71,75,6.71,RU,2020-10-30 05:19:33
348,Hualmay,-11.1,-77.61,62.51,87,92,10.29,PE,2020-10-30 05:19:34
349,Turayf,31.67,38.66,59.0,28,0,6.93,SA,2020-10-30 05:19:34
350,Lagos,6.58,3.75,75.2,94,20,3.36,NG,2020-10-30 05:15:48
351,Port Lincoln,-34.73,135.87,58.14,71,62,19.91,AU,2020-10-30 05:17:40
352,Chokurdakh,70.63,147.92,-4.97,93,98,0.67,RU,2020-10-30 05:19:34
353,Boguchany,58.38,97.45,22.39,90,100,6.96,RU,2020-10-30 05:19:35
354,Mpika,-11.83,31.45,70.12,51,16,12.84,ZM,2020-10-30 05:19:35
355,Carman,49.5,-98.0,28.0,64,84,5.01,CA,2020-10-30 05:19:35
356,Dingle,11.0,122.67,78.22,89,100,5.86,PH,2020-10-30 05:19:35
357,Saint-Pierre,-21.34,55.48,75.2,53,75,23.04,RE,2020-10-30 05:19:36
358,Bulgan,48.81,103.53,37.87,70,100,10.51,MN,2020-10-30 05:19:36
359,Williston,48.15,-103.62,35.01,92,82,1.01,US,2020-10-30 05:17:34
360,Obidos,-1.92,-55.52,79.77,72,55,3.62,BR,2020-10-30 05:19:37
361,Opuwo,-18.06,13.84,67.46,34,7,7.78,NA,2020-10-30 05:19:37
362,Bundibugyo,0.74,30.04,68.13,90,100,0.98,UG,2020-10-30 05:19:37
363,Fort Saint James,54.43,-124.25,35.49,94,100,3.22,CA,2020-10-30 05:19:37
364,Fairbanks,64.84,-147.72,15.8,78,90,5.82,US,2020-10-30 05:19:38
365,Mbandaka,0.05,18.26,70.81,95,92,1.5,CD,2020-10-30 05:19:38
366,Yatou,37.15,122.38,63.48,39,0,9.46,CN,2020-10-30 05:19:38
367,Morehead,37.27,-87.18,48.2,81,40,16.11,US,2020-10-30 05:19:38
368,Sioux Lookout,50.1,-91.92,18.0,90,28,3.71,CA,2020-10-30 05:19:39
369,Bilibino,68.05,166.44,1.47,82,79,1.74,RU,2020-10-30 05:19:39
370,Songjianghe,42.19,127.48,48.49,44,0,1.95,CN,2020-10-30 05:19:39
371,Vila Franca Do Campo,37.72,-25.43,66.2,93,40,9.17,PT,2020-10-30 05:19:39
372,Maragogi,-9.01,-35.22,76.15,87,53,11.45,BR,2020-10-30 05:18:53
373,Coquimbo,-29.95,-71.34,53.6,87,0,2.24,CL,2020-10-30 05:19:40
374,Rundu,-17.93,19.77,71.22,56,15,7.27,NA,2020-10-30 05:19:40
375,Kalmunai,7.42,81.82,88.14,54,49,7.67,LK,2020-10-30 05:19:40
376,Olafsvik,64.89,-23.71,42.67,80,89,14.29,IS,2020-10-30 05:19:41
377,Bathsheba,13.22,-59.52,78.8,88,75,24.16,BB,2020-10-30 05:19:41
378,Ulladulla,-35.35,150.47,69.8,60,40,11.41,AU,2020-10-30 05:19:41
379,Serowe,-22.38,26.72,73.15,30,0,14.94,BW,2020-10-30 05:19:41
380,Show Low,34.25,-110.03,44.6,71,1,6.93,US,2020-10-30 05:19:42
381,Novoagansk,61.94,76.66,23.97,97,97,1.52,RU,2020-10-30 05:19:42
382,Cajati,-24.74,-48.12,66.78,94,100,3.18,BR,2020-10-30 05:19:43
383,Sisimiut,66.94,-53.67,21.15,92,98,6.38,GL,2020-10-30 05:19:43
384,Musoma,-1.5,33.8,68.0,94,75,8.34,TZ,2020-10-30 05:19:43
385,Balkhash,46.84,74.98,39.2,44,0,6.71,KZ,2020-10-30 05:19:43
386,Siparia,10.13,-61.5,78.01,94,85,11.01,TT,2020-10-30 05:19:44
387,Ancud,-41.87,-73.82,46.99,87,0,13.87,CL,2020-10-30 05:19:44
388,Dunda,-8.12,34.25,72.39,54,38,6.02,TZ,2020-10-30 05:19:44
389,Andros Town,24.7,-77.77,77.0,94,20,5.82,BS,2020-10-30 05:19:45
390,Sulangan,11.14,123.72,83.75,78,100,15.88,PH,2020-10-30 05:19:45
391,Novikovo,51.15,37.89,46.26,82,100,6.73,RU,2020-10-30 05:19:45
392,Arandis,-22.42,14.97,55.0,93,1,2.28,NA,2020-10-30 05:19:46
393,Broken Hill,-31.95,141.43,57.2,82,90,19.46,AU,2020-10-30 05:19:46
394,Aykhal,66.0,111.5,-1.32,91,81,2.35,RU,2020-10-30 05:19:46
395,Iquitos,-3.75,-73.25,77.88,86,80,0.83,PE,2020-10-30 05:19:46
396,El Jicaro,14.92,-89.9,73.18,73,75,2.62,GT,2020-10-30 05:19:47
397,Deputatskiy,69.3,139.9,1.51,95,100,0.74,RU,2020-10-30 05:19:47
398,Trairi,-3.28,-39.27,77.79,81,56,11.05,BR,2020-10-30 05:19:47
399,Mandera,3.94,41.87,78.75,71,50,13.15,KE,2020-10-30 05:19:47
400,Hueyotlipan,18.9,-97.85,61.0,79,70,7.0,MX,2020-10-30 05:19:48
401,Itapage,-3.69,-39.59,73.18,85,95,6.55,BR,2020-10-30 05:18:49
402,Loncoche,-39.37,-72.63,51.8,66,42,5.82,CL,2020-10-30 05:19:49
403,Paamiut,61.99,-49.67,25.95,88,0,4.61,GL,2020-10-30 05:19:49
404,Adelaide,-34.93,138.6,64.99,59,75,18.34,AU,2020-10-30 05:16:12
405,Ghogha,21.68,72.28,83.14,43,13,9.08,IN,2020-10-30 05:19:49
406,Sumbe,-11.21,13.84,75.56,87,100,5.64,AO,2020-10-30 05:19:50
407,Saint George,37.1,-113.58,60.8,19,1,3.2,US,2020-10-30 05:15:03
408,Ormara,25.21,64.64,79.59,29,0,6.22,PK,2020-10-30 05:19:50
409,Beringovskiy,63.05,179.32,25.07,81,0,1.97,RU,2020-10-30 05:19:50
410,Oussouye,12.48,-16.55,77.92,69,47,3.24,SN,2020-10-30 05:19:50
411,Fenoarivo,-18.93,47.44,64.4,77,75,16.11,MG,2020-10-30 05:19:51
412,Labrea,-7.26,-64.8,75.36,87,81,0.56,BR,2020-10-30 05:19:51
413,Kautokeino,69.01,23.04,21.42,92,0,11.23,NO,2020-10-30 05:19:52
414,Gimli,50.63,-96.99,25.0,98,78,10.76,CA,2020-10-30 05:19:52
415,Buckeye,33.37,-112.58,69.8,20,0,9.17,US,2020-10-30 05:15:58
416,Pangnirtung,66.15,-65.71,6.13,82,55,3.47,CA,2020-10-30 05:19:52
417,Dori,14.04,-0.03,78.17,21,0,4.09,BF,2020-10-30 05:19:53
418,Northam,51.03,-4.22,57.99,96,100,11.99,GB,2020-10-30 05:19:53
419,Veranopolis,-28.94,-51.55,51.01,59,100,5.01,BR,2020-10-30 05:19:53
420,Nouakchott,18.09,-15.98,75.2,29,77,13.87,MR,2020-10-30 05:16:12
421,Teahupoo,-17.83,-149.27,80.6,78,75,5.82,PF,2020-10-30 05:19:28
422,Jaque,7.52,-78.17,77.83,84,72,3.53,PA,2020-10-30 05:19:54
423,Kapuskasing,49.42,-82.43,12.97,92,0,1.03,CA,2020-10-30 05:19:54
424,Bilma,18.69,12.92,67.08,26,0,10.4,NE,2020-10-30 05:19:55
425,Vostok,46.49,135.88,32.86,98,99,3.49,RU,2020-10-30 05:19:55
426,La Mana,-0.93,-79.22,75.43,71,99,2.24,EC,2020-10-30 05:19:55
427,Anadyr,64.75,177.48,6.8,84,0,6.71,RU,2020-10-30 05:19:55
428,Dickson,36.08,-87.39,48.99,93,90,13.87,US,2020-10-30 05:15:59
429,Newton,42.34,-71.21,44.6,87,90,14.99,US,2020-10-30 05:15:37
430,Elizabeth City,36.29,-76.25,75.0,93,87,14.43,US,2020-10-30 05:19:56
431,Lata,40.16,-8.33,55.99,93,0,3.36,PT,2020-10-30 05:19:56
432,Baykit,61.67,96.37,15.22,91,91,2.44,RU,2020-10-30 05:19:57
433,Usoke,-5.17,32.35,71.6,56,75,17.22,TZ,2020-10-30 05:19:57
434,Chalmette,29.94,-89.96,57.2,67,1,19.46,US,2020-10-30 05:19:57
435,Oktyabrskoye,43.06,44.74,46.4,100,90,2.24,RU,2020-10-30 05:19:57
436,Mahasamund,21.1,82.1,80.17,44,38,6.51,IN,2020-10-30 05:19:58
437,Plettenberg Bay,-34.05,23.37,56.17,60,80,6.53,ZA,2020-10-30 05:19:58
438,Krasnyy Kholm,58.06,37.12,39.36,88,98,8.34,RU,2020-10-30 05:19:58
439,Arroio Grande,-32.24,-53.09,44.01,96,1,5.01,BR,2020-10-30 05:19:58
440,Arlit,18.74,7.39,74.12,19,0,10.6,NE,2020-10-30 05:19:59
441,Moose Factory,51.26,-80.61,19.99,85,0,4.61,CA,2020-10-30 05:19:59
442,Khuzdar,27.74,66.64,68.52,22,0,1.52,PK,2020-10-30 05:19:59
443,Sile,41.18,29.61,62.01,77,98,3.2,TR,2020-10-30 05:20:00
444,Monte Patria,-30.69,-70.95,55.76,60,0,0.63,CL,2020-10-30 05:20:00
445,Regina,50.45,-104.62,30.99,91,96,3.0,CA,2020-10-30 05:16:21
446,Lardos,36.09,28.02,69.01,82,40,6.93,GR,2020-10-30 05:17:28
447,Hounde,11.5,-3.52,73.74,36,0,0.74,BF,2020-10-30 05:20:00
448,Cabedelo,-6.98,-34.83,75.2,88,20,3.36,BR,2020-10-30 05:20:01
449,Birjand,32.87,59.22,39.2,7,0,6.93,IR,2020-10-30 05:20:01
450,Tenenkou,14.46,-4.92,75.94,18,41,6.06,ML,2020-10-30 05:20:02
451,Nsanje,-16.92,35.26,80.15,52,0,4.34,MW,2020-10-30 05:20:02
452,Ajaccio,42.0,8.92,51.8,87,0,9.17,FR,2020-10-30 05:20:03
453,Rafaela,-31.25,-61.49,53.01,54,0,3.0,AR,2020-10-30 05:20:03
454,Mabaruma,8.2,-59.78,77.18,91,97,3.49,GY,2020-10-30 05:20:03
455,Tabas,33.6,56.92,57.2,16,0,2.24,IR,2020-10-30 05:20:04
456,Akhalgori,42.13,44.48,50.0,87,0,5.82,GE,2020-10-30 05:20:04
457,Inzer,54.22,57.56,35.6,79,87,3.06,RU,2020-10-30 05:20:04
458,Teshie,5.58,-0.11,78.73,83,30,5.19,GH,2020-10-30 05:20:05
459,Mocuba,-16.84,36.99,81.54,53,0,2.24,MZ,2020-10-30 05:20:05
460,Lagunas,-5.23,-75.68,76.23,90,46,1.77,PE,2020-10-30 05:20:05
461,Aripuana,-9.17,-60.63,72.64,97,89,1.57,BR,2020-10-30 05:20:05
462,Champerico,14.3,-91.92,66.99,96,95,6.2,GT,2020-10-30 05:16:58
463,Quballat,36.54,9.66,60.8,77,40,6.93,TN,2020-10-30 05:20:06
464,Arshan,46.27,44.22,53.6,76,100,11.18,RU,2020-10-30 05:20:06
465,Nanakuli,21.39,-158.15,82.0,57,90,10.29,US,2020-10-30 05:20:06
466,Uppsala,60.0,17.75,32.0,92,90,1.66,SE,2020-10-30 05:20:07
467,Borba,-4.39,-59.59,75.51,94,77,1.92,BR,2020-10-30 05:20:07
468,Monteagudo,-19.82,-63.98,58.44,67,97,6.31,BO,2020-10-30 05:20:08
469,Hohhot,40.81,111.65,50.0,27,20,2.24,CN,2020-10-30 05:20:08
470,Piracanjuba,-17.3,-49.02,69.21,87,60,1.74,BR,2020-10-30 05:20:08
471,Umba,66.69,34.34,35.94,86,97,14.23,RU,2020-10-30 05:20:09
472,Zharkent,44.16,80.0,47.01,49,29,7.52,KZ,2020-10-30 05:20:09
473,Enshi,30.3,109.48,62.82,79,95,1.48,CN,2020-10-30 05:20:09
474,Yulara,-25.24,130.99,80.6,10,0,10.29,AU,2020-10-30 05:20:09
475,Trat,12.5,102.5,82.09,83,65,2.33,TH,2020-10-30 05:20:09
476,Banjar,-8.19,114.97,89.4,55,68,5.77,ID,2020-10-30 05:20:10
477,Horasan,40.05,42.17,54.37,42,0,1.05,TR,2020-10-30 05:20:10
478,Nuuk,64.18,-51.72,23.0,79,53,6.93,GL,2020-10-30 05:20:10
479,Ornskoldsvik,63.29,18.72,33.8,100,0,4.7,SE,2020-10-30 05:20:11
480,Alexandria,31.22,29.96,73.4,60,0,6.93,EG,2020-10-30 05:20:11
481,Pringsewu,-5.36,104.97,91.18,49,46,3.94,ID,2020-10-30 05:20:11
482,Moron,-34.65,-58.62,52.0,87,0,5.82,AR,2020-10-30 05:20:11
483,Roma,43.21,-75.46,41.0,86,90,4.85,US,2020-10-30 05:20:12
484,Inuvik,68.35,-133.72,5.05,92,44,6.8,CA,2020-10-30 05:20:12
485,Odweyne,9.41,45.06,74.08,53,7,2.28,SO,2020-10-30 05:20:12
486,Grand Gaube,-20.01,57.66,75.0,51,0,11.99,MU,2020-10-30 05:20:12
487,Kuah,6.33,99.84,87.8,70,20,4.7,MY,2020-10-30 05:20:13
488,Shenjiamen,29.96,122.3,64.67,63,0,16.06,CN,2020-10-30 05:20:13
489,Yermakovskoye,53.28,92.4,31.98,92,100,7.54,RU,2020-10-30 05:20:13
490,Verkhnevilyuysk,63.45,120.32,1.17,88,69,3.47,RU,2020-10-30 05:20:13
491,Jalu,29.03,21.55,60.37,88,0,7.47,LY,2020-10-30 05:20:14
492,Havelock,34.88,-76.9,79.0,94,91,10.0,US,2020-10-30 05:17:27
493,Sebinkarahisar,40.29,38.42,52.25,45,0,1.48,TR,2020-10-30 05:20:14
494,Riohacha,11.54,-72.91,78.6,87,83,2.48,CO,2020-10-30 05:20:15
495,Rauma,61.13,21.51,39.2,100,75,3.36,FI,2020-10-30 05:20:15
496,La Ronge,55.1,-105.28,20.8,96,54,6.51,CA,2020-10-30 05:20:15
497,Algiers,36.75,3.04,48.2,93,20,2.82,DZ,2020-10-30 05:16:14
498,Zelenyy Bor,53.67,91.67,30.2,92,40,8.95,RU,2020-10-30 05:20:16
499,Anchorage,61.22,-149.9,26.6,73,90,4.7,US,2020-10-30 05:16:57
500,Bowen,-20.02,148.23,93.2,24,0,17.22,AU,2020-10-30 05:20:16
501,Nouna,12.73,-3.87,73.18,25,8,0.4,BF,2020-10-30 05:20:17
502,Nouadhibou,20.93,-17.03,66.2,82,0,16.11,MR,2020-10-30 05:20:17
503,Berlevag,70.86,29.09,33.8,80,40,13.87,NO,2020-10-30 05:20:18
504,Agropoli,40.35,15.0,57.0,80,100,3.0,IT,2020-10-30 05:20:18
505,Vangaindrano,-23.35,47.6,70.38,80,94,9.86,MG,2020-10-30 05:20:18
506,Goroka,-6.08,145.39,70.84,75,99,1.19,PG,2020-10-30 05:20:19
507,Ilembo,-9.25,33.38,61.18,77,22,5.95,TZ,2020-10-30 05:20:19
508,Chengde,40.97,117.94,60.17,30,5,2.28,CN,2020-10-30 05:20:19
509,Atar,20.52,-13.05,77.32,25,62,7.63,MR,2020-10-30 05:20:19
510,Shirokiy,49.76,129.52,39.24,69,100,8.41,RU,2020-10-30 05:20:20
511,Coihaique,-45.58,-72.07,42.8,75,0,4.12,CL,2020-10-30 05:15:22
512,Leningradskiy,69.38,178.42,16.05,88,38,16.26,RU,2020-10-30 05:20:20
513,Nyagan,62.14,65.39,36.84,89,37,9.42,RU,2020-10-30 05:20:20
514,Sur,22.57,59.53,81.66,49,0,9.82,OM,2020-10-30 05:20:21
515,Acapulco,16.86,-99.89,79.34,83,100,5.88,MX,2020-10-30 05:17:42
516,Stepnyak,52.83,70.78,35.55,85,9,11.32,KZ,2020-10-30 05:20:22
517,Longyearbyen,78.22,15.64,19.4,62,20,18.34,SJ,2020-10-30 05:15:00
518,Xinyu,27.8,114.93,73.89,54,61,6.93,CN,2020-10-30 05:20:22
519,Merauke,-8.47,140.33,84.31,67,33,12.64,ID,2020-10-30 05:20:23
520,Natal,-5.79,-35.21,77.0,83,40,6.93,BR,2020-10-30 05:19:37
521,Amahai,-3.33,128.92,85.12,67,53,7.78,ID,2020-10-30 05:20:23
522,Voskresenskoye,56.84,45.43,31.33,95,17,5.86,RU,2020-10-30 05:20:24
523,Sistranda,63.73,8.83,39.2,100,40,10.29,NO,2020-10-30 05:20:24
524,Krasnoborsk,61.56,45.93,41.49,88,95,9.73,RU,2020-10-30 05:20:25
525,Kirakira,-10.45,161.92,79.41,83,100,6.46,SB,2020-10-30 05:20:25
526,North Bend,43.41,-124.22,52.0,100,75,4.7,US,2020-10-30 05:20:25
527,Safonovo,55.15,33.22,41.88,83,100,6.11,RU,2020-10-30 05:20:25
528,Khandbari,27.37,87.2,83.17,23,0,2.64,NP,2020-10-30 05:20:26
529,Kiunga,-6.12,141.29,86.56,70,21,2.13,PG,2020-10-30 05:20:26
530,Vanimo,-2.67,141.3,80.01,79,100,3.94,PG,2020-10-30 05:20:26
531,Lazaro Cardenas,17.96,-102.2,78.39,85,57,2.84,MX,2020-10-30 05:20:26
532,Ilorin,8.5,4.55,72.63,88,5,4.12,NG,2020-10-30 05:20:27
533,Londoko,49.03,131.98,41.58,63,76,4.52,RU,2020-10-30 05:20:27
534,Rio Gallegos,-51.62,-69.22,50.0,61,90,5.82,AR,2020-10-30 05:20:27
535,Maarianhamina,60.1,19.93,33.8,100,90,2.24,AX,2020-10-30 05:20:27
536,Maldonado,-34.67,-54.92,51.8,76,40,10.29,UY,2020-10-30 05:20:28
537,Mandiana,10.63,-8.68,69.3,53,58,2.3,GN,2020-10-30 05:20:28
538,Te Anau,-45.42,167.72,57.67,89,100,5.32,NZ,2020-10-30 05:18:06
539,Benguela,-12.58,13.41,74.62,83,84,1.79,AO,2020-10-30 05:20:28
540,Kurilsk,45.23,147.88,47.57,78,92,7.23,RU,2020-10-30 05:20:29
541,Lorengau,-2.02,147.27,86.61,62,76,6.4,PG,2020-10-30 05:20:29
542,Bengkulu,-3.8,102.27,80.28,78,96,3.83,ID,2020-10-30 05:15:30
543,Bairiki,1.33,172.98,86.0,70,40,9.17,KI,2020-10-30 05:20:29
544,Quelimane,-17.88,36.89,69.8,94,0,3.94,MZ,2020-10-30 05:20:30
545,Suntar,62.14,117.63,13.06,85,100,6.44,RU,2020-10-30 05:20:30
546,Dudinka,69.41,86.18,8.11,92,86,14.09,RU,2020-10-30 05:20:30
547,San Juan De Uraba,8.76,-76.53,76.5,88,95,5.84,CO,2020-10-30 05:20:31
548,Itarema,-2.92,-39.92,77.38,83,73,13.96,BR,2020-10-30 05:20:31
549,Rassvet,46.83,40.75,55.58,92,100,2.24,RU,2020-10-30 05:20:31
550,Shubarshi,48.59,57.19,42.64,60,100,11.21,KZ,2020-10-30 05:20:31
551,Ostrovnoy,68.05,39.51,36.37,88,100,9.71,RU,2020-10-30 05:20:32
552,Koslan,63.46,48.9,42.3,95,100,8.7,RU,2020-10-30 05:20:32
553,Cabra,37.47,-4.44,57.99,100,0,2.35,ES,2020-10-30 05:20:32
554,Korla,41.76,86.15,52.03,40,24,5.57,CN,2020-10-30 05:20:33
555,Margate,51.38,1.39,59.0,80,97,4.0,GB,2020-10-30 05:20:34
556,Lanzhou,36.06,103.79,48.2,57,40,4.47,CN,2020-10-30 05:20:34
557,Asifabad,19.37,79.28,81.32,57,6,7.23,IN,2020-10-30 05:20:34
558,Linxia,35.6,103.21,49.75,52,45,5.66,CN,2020-10-30 05:20:35
559,Guarda,40.54,-7.27,44.4,95,0,2.1,PT,2020-10-30 05:17:37
560,Bintulu,3.17,113.03,91.4,66,20,8.05,MY,2020-10-30 05:20:35
561,Lompoc,34.64,-120.46,51.8,93,1,6.89,US,2020-10-30 05:20:36
562,Punta Gorda,26.93,-82.05,81.0,88,20,3.36,US,2020-10-30 05:20:36
563,Morant Bay,17.88,-76.41,80.6,78,20,9.17,JM,2020-10-30 05:20:36
